Date,total_sales,total_customers,open_stores,promo_stores,year,month,day_of_week,avg_sales_per_store
2013-01-01,97235,19491,17,0,2013,1,2,5719.705882352941
2013-01-02,6949829,834075,1111,0,2013,1,3,6255.471647164716
2013-01-03,6347820,761040,1109,0,2013,1,4,5723.913435527502
2013-01-04,6638954,782137,1108,0,2013,1,5,5991.8357400722025
2013-01-05,5951593,687472,1107,0,2013,1,6,5376.326106594399
2013-01-06,143904,26387,19,0,2013,1,7,7573.894736842105
2013-01-07,10826848,1058495,1106,1115,2013,1,1,9789.19349005425
2013-01-08,8749437,904564,1105,1115,2013,1,2,7918.042533936652
2013-01-09,7746603,816709,1105,1115,2013,1,3,7010.500452488688
2013-01-10,7751485,844384,1105,1115,2013,1,4,7014.918552036199
2013-01-11,8039306,877397,1105,1115,2013,1,5,7275.390045248869
2013-01-12,6017491,697757,1105,0,2013,1,6,5445.693212669683
2013-01-13,144052,27044,18,0,2013,1,7,8002.888888888889
2013-01-14,5886788,734601,1105,0,2013,1,1,5327.409954751131
2013-01-15,5512591,690047,1105,0,2013,1,2,4988.770135746607
2013-01-16,5293020,660412,1105,0,2013,1,3,4790.06334841629
2013-01-17,5386564,673066,1107,0,2013,1,4,4865.911472448058
2013-01-18,6137010,740203,1106,0,2013,1,5,5548.833634719711
2013-01-19,6010192,679374,1107,0,2013,1,6,5429.261065943992
2013-01-20,151600,28040,19,0,2013,1,7,7978.9473684210525
2013-01-21,8761074,884062,1107,1115,2013,1,1,7914.249322493225
2013-01-22,8320289,868642,1107,1115,2013,1,2,7516.069557362241
2013-01-23,7746563,821843,1107,1115,2013,1,3,6997.798554652213
2013-01-24,7439836,811738,1108,1115,2013,1,4,6714.6534296028885
2013-01-25,7780789,847691,1108,1115,2013,1,5,7022.37274368231
2013-01-26,5848770,667571,1108,0,2013,1,6,5278.673285198556
2013-01-27,142848,27286,20,0,2013,1,7,7142.4
2013-01-28,5878702,736906,1107,0,2013,1,1,5310.480578139115
2013-01-29,5452668,670523,1107,0,2013,1,2,4925.626016260163
2013-01-30,5909779,699110,1108,0,2013,1,3,5333.735559566787
2013-01-31,7068567,802356,1108,0,2013,1,4,6379.5731046931405
2013-02-01,7203007,821946,1109,0,2013,2,5,6495.04688908927
2013-02-02,6781741,746460,1109,0,2013,2,6,6115.185752930568
2013-02-03,171565,30349,19,0,2013,2,7,9029.736842105263
2013-02-04,10333651,1018386,1109,1115,2013,2,1,9317.990081154194
2013-02-05,8841604,911976,1109,1115,2013,2,2,7972.591523895401
2013-02-06,8094803,868206,1109,1115,2013,2,3,7299.191163210099
2013-02-07,7430076,821626,1108,1115,2013,2,4,6705.84476534296
2013-02-08,7968566,867065,1109,1115,2013,2,5,7185.361587015329
2013-02-09,6161019,707682,1109,0,2013,2,6,5555.472497745717
2013-02-10,172564,31698,18,0,2013,2,7,9586.888888888889
2013-02-11,5517060,679056,1076,0,2013,2,1,5127.3791821561335
2013-02-12,5563503,689894,1106,0,2013,2,2,5030.292043399639
2013-02-13,6175147,754477,1109,0,2013,2,3,5568.2119026149685
2013-02-14,6422292,779567,1109,0,2013,2,4,5791.065825067629
2013-02-15,6255053,747284,1110,0,2013,2,5,5635.182882882883
2013-02-16,6162142,704367,1110,0,2013,2,6,5551.47927927928
2013-02-17,174467,31943,19,0,2013,2,7,9182.473684210527
2013-02-18,10703641,1055106,1111,1115,2013,2,1,9634.240324032404
2013-02-19,7988672,832307,1111,1115,2013,2,2,7190.523852385239
2013-02-20,7759768,829354,1111,1115,2013,2,3,6984.489648964896
2013-02-21,7611880,824817,1111,1115,2013,2,4,6851.377137713771
2013-02-22,7840974,847496,1112,1115,2013,2,5,7051.235611510791
2013-02-23,5637945,650724,1112,0,2013,2,6,5070.094424460432
2013-02-24,159057,30107,20,0,2013,2,7,7952.85
2013-02-25,5615365,711387,1112,0,2013,2,1,5049.788669064748
2013-02-26,5671238,709154,1112,0,2013,2,2,5100.034172661871
2013-02-27,6008503,722458,1112,0,2013,2,3,5403.330035971223
2013-02-28,7108972,819576,1112,0,2013,2,4,6392.9604316546765
2013-03-01,7244231,839658,1112,0,2013,3,5,6514.596223021583
2013-03-02,6779350,762452,1112,0,2013,3,6,6096.537769784172
2013-03-03,195229,34977,21,0,2013,3,7,9296.619047619048
2013-03-04,11072682,1097894,1111,1115,2013,3,1,9966.410441044105
2013-03-05,8943536,944806,1109,1115,2013,3,2,8064.504959422903
2013-03-06,8062941,877406,1109,1115,2013,3,3,7270.4607754734
2013-03-07,7981811,877268,1109,1115,2013,3,4,7197.304779080252
2013-03-08,8118153,894141,1109,1115,2013,3,5,7320.246167718666
2013-03-09,6061383,695319,1109,0,2013,3,6,5465.629395852119
2013-03-10,164917,29963,21,0,2013,3,7,7853.190476190476
2013-03-11,6194538,744922,1109,0,2013,3,1,5585.697024346258
2013-03-12,5338418,660813,1109,0,2013,3,2,4813.722272317403
2013-03-13,5830737,711036,1109,0,2013,3,3,5257.652840396754
2013-03-14,6098093,738971,1109,0,2013,3,4,5498.731289449955
2013-03-15,6783348,798499,1109,0,2013,3,5,6116.63480613165
2013-03-16,6459058,733085,1110,0,2013,3,6,5818.971171171172
2013-03-17,193072,34420,24,0,2013,3,7,8044.666666666667
2013-03-18,10078195,999770,1111,1115,2013,3,1,9071.282628262827
2013-03-19,8528292,887823,1111,1115,2013,3,2,7676.230423042304
2013-03-20,7728892,820715,1111,1115,2013,3,3,6956.698469846985
2013-03-21,7897067,861321,1111,1115,2013,3,4,7108.071107110711
2013-03-22,8245992,901334,1111,1115,2013,3,5,7422.13501350135
2013-03-23,6337911,713493,1111,0,2013,3,6,5704.690369036904
2013-03-24,191036,34607,28,0,2013,3,7,6822.714285714285
2013-03-25,10482556,1044999,1110,1115,2013,3,1,9443.744144144144
2013-03-26,9305505,964981,1110,1115,2013,3,2,8383.337837837838
2013-03-27,9674698,1001042,1110,1115,2013,3,3,8715.944144144145
2013-03-28,11417987,1177111,1110,1115,2013,3,4,10286.474774774775
2013-03-29,213921,35775,16,1115,2013,3,5,13370.0625
2013-03-30,9380402,1020089,1111,0,2013,3,6,8443.206120612062
2013-03-31,176418,30772,30,0,2013,3,7,5880.6
2013-04-01,241076,41594,31,0,2013,4,1,7776.645161290323
2013-04-02,7362049,894066,1109,0,2013,4,2,6638.457168620379
2013-04-03,6406442,778768,1109,0,2013,4,3,5776.7736699729485
2013-04-04,6496112,789540,1109,0,2013,4,4,5857.630297565374
2013-04-05,6622062,788012,1109,0,2013,4,5,5971.201082055906
2013-04-06,6171054,714351,1109,0,2013,4,6,5564.5211902614965
2013-04-07,189097,35217,31,0,2013,4,7,6099.903225806452
2013-04-08,10115602,1031717,1108,1115,2013,4,1,9129.604693140795
2013-04-09,8418477,894836,1108,1115,2013,4,2,7597.9034296028885
2013-04-10,7698779,830819,1109,1115,2013,4,3,6942.091073038774
2013-04-11,7580421,841356,1108,1115,2013,4,4,6841.535198555956
2013-04-12,8056347,890127,1109,1115,2013,4,5,7264.51487826871
2013-04-13,6024315,711341,1109,0,2013,4,6,5432.204688908927
2013-04-14,182641,35242,31,0,2013,4,7,5891.645161290323
2013-04-15,5711125,742981,1109,0,2013,4,1,5149.797114517583
2013-04-16,5668517,729645,1109,0,2013,4,2,5111.376916140667
2013-04-17,5556697,713577,1109,0,2013,4,3,5010.547339945897
2013-04-18,5726233,730564,1109,0,2013,4,4,5163.420198376916
2013-04-19,6349901,773215,1109,0,2013,4,5,5725.789900811542
2013-04-20,6006147,700925,1109,0,2013,4,6,5415.822362488729
2013-04-21,188406,34839,30,0,2013,4,7,6280.2
2013-04-22,9542000,988277,1109,1115,2013,4,1,8604.147880973851
2013-04-23,8047511,873417,1109,1115,2013,4,2,7256.547339945897
2013-04-24,7177730,810410,1109,1115,2013,4,3,6472.254283137962
2013-04-25,7121467,818307,1110,1115,2013,4,4,6415.736036036036
2013-04-26,7652433,843014,1110,1115,2013,4,5,6894.0837837837835
2013-04-27,6308284,713490,1109,0,2013,4,6,5688.263300270514
2013-04-28,205232,37232,31,0,2013,4,7,6620.387096774193
2013-04-29,10040182,1011283,1110,1115,2013,4,1,9045.20900900901
2013-04-30,10565093,1084203,1110,1115,2013,4,2,9518.101801801802
2013-05-01,200972,34845,18,1115,2013,5,3,11165.111111111111
2013-05-02,9884371,1046612,1111,1115,2013,5,4,8896.823582358236
2013-05-03,8967338,975031,1111,1115,2013,5,5,8071.411341134113
2013-05-04,6487719,752844,1111,0,2013,5,6,5839.53105310531
2013-05-05,200337,38101,32,0,2013,5,7,6260.53125
2013-05-06,6884920,839634,1110,0,2013,5,1,6202.630630630631
2013-05-07,6697752,802206,1111,0,2013,5,2,6028.579657965796
2013-05-08,7693180,918105,1111,0,2013,5,3,6924.554455445545
2013-05-09,233215,41089,30,0,2013,5,4,7773.833333333333
2013-05-10,8481406,970014,1111,0,2013,5,5,7634.028802880288
2013-05-11,6658662,770286,1112,0,2013,5,6,5988.005395683454
2013-05-12,215592,38757,31,0,2013,5,7,6954.580645161291
2013-05-13,9826496,1005960,1112,1115,2013,5,1,8836.776978417267
2013-05-14,8662237,925698,1112,1115,2013,5,2,7789.781474820144
2013-05-15,7767784,852041,1112,1115,2013,5,3,6985.417266187051
2013-05-16,7884887,869585,1112,1115,2013,5,4,7090.72571942446
2013-05-17,8225841,906276,1112,1115,2013,5,5,7397.339028776978
2013-05-18,6410461,739439,1112,0,2013,5,6,5764.803057553957
2013-05-19,226808,40462,31,0,2013,5,7,7316.387096774193
2013-05-20,253936,44288,33,0,2013,5,1,7695.030303030303
2013-05-21,7204456,865862,1111,0,2013,5,2,6484.6588658865885
2013-05-22,6085235,728918,1112,0,2013,5,3,5472.333633093525
2013-05-23,6209485,756187,1112,0,2013,5,4,5584.069244604317
2013-05-24,6483138,783354,1112,0,2013,5,5,5830.160071942446
2013-05-25,5806559,671302,1112,0,2013,5,6,5221.72571942446
2013-05-26,201681,36076,31,0,2013,5,7,6505.8387096774195
2013-05-27,9944524,998972,1112,1115,2013,5,1,8942.91726618705
2013-05-28,8390312,888040,1112,1115,2013,5,2,7545.244604316546
2013-05-29,8885059,908773,1112,1115,2013,5,3,7990.160971223022
2013-05-30,3422824,393933,429,1115,2013,5,4,7978.610722610722
2013-05-31,10913876,1081196,1112,1115,2013,5,5,9814.636690647481
2013-06-01,6907750,764268,1112,0,2013,6,6,6212.005395683454
2013-06-02,238144,41220,32,0,2013,6,7,7442.0
2013-06-03,10144989,1031251,1111,1115,2013,6,1,9131.403240324033
2013-06-04,8526834,914107,1112,1115,2013,6,2,7668.01618705036
2013-06-05,7683188,849201,1110,1115,2013,6,3,6921.790990990991
2013-06-06,7646668,860253,1109,1115,2013,6,4,6895.101893597835
2013-06-07,7967656,890566,1109,1115,2013,6,5,7184.541027953111
2013-06-08,5993792,703254,1110,0,2013,6,6,5399.812612612613
2013-06-09,226250,39873,31,0,2013,6,7,7298.387096774193
2013-06-10,6667460,806250,1111,0,2013,6,1,6001.314131413142
2013-06-11,6201425,761268,1111,0,2013,6,2,5581.8406840684065
2013-06-12,5961024,733378,1111,0,2013,6,3,5365.458145814581
2013-06-13,6044207,739896,1111,0,2013,6,4,5440.330333033304
2013-06-14,6887448,810875,1111,0,2013,6,5,6199.323132313231
2013-06-15,6144832,704128,1111,0,2013,6,6,5530.901890189019
2013-06-16,225065,40388,31,0,2013,6,7,7260.1612903225805
2013-06-17,10191372,1024967,1113,1115,2013,6,1,9156.66846361186
2013-06-18,8100286,873421,1113,1115,2013,6,2,7277.884995507637
2013-06-19,7243757,801809,1113,1115,2013,6,3,6508.317160826595
2013-06-20,7353311,807747,1113,1115,2013,6,4,6606.748427672956
2013-06-21,8406280,909465,1112,1115,2013,6,5,7559.604316546763
2013-06-22,6189413,710334,1112,0,2013,6,6,5566.018884892086
2013-06-23,224608,39661,31,0,2013,6,7,7245.419354838709
2013-06-24,6511212,791714,1112,0,2013,6,1,5855.406474820144
2013-06-25,5827831,714211,1112,0,2013,6,2,5240.855215827338
2013-06-26,6028195,730467,1112,0,2013,6,3,5421.038669064748
2013-06-27,6372971,750668,1112,0,2013,6,4,5731.089028776978
2013-06-28,7625077,841770,1112,0,2013,6,5,6857.083633093525
2013-06-29,6909121,744871,1111,0,2013,6,6,6218.830783078308
2013-06-30,252185,41765,31,0,2013,6,7,8135.0
2013-07-01,10750990,1072961,1110,1115,2013,7,1,9685.576576576577
2013-07-02,8936605,940849,1110,1115,2013,7,2,8050.995495495496
2013-07-03,8416942,873625,1110,1115,2013,7,3,7582.83063063063
2013-07-04,8458325,910326,1109,1115,2013,7,4,7626.983769161407
2013-07-05,8384512,916848,1111,1115,2013,7,5,7546.815481548155
2013-07-06,5927036,691010,1111,0,2013,7,6,5334.865886588659
2013-07-07,234369,44003,32,0,2013,7,7,7324.03125
2013-07-08,6652999,808138,1111,0,2013,7,1,5988.29792979298
2013-07-09,6157174,752882,1112,0,2013,7,2,5537.026978417266
2013-07-10,6248496,751347,1112,0,2013,7,3,5619.151079136691
2013-07-11,6483182,772085,1112,0,2013,7,4,5830.199640287769
2013-07-12,6699439,790991,1112,0,2013,7,5,6024.675359712231
2013-07-13,5987351,685630,1112,0,2013,7,6,5384.3084532374105
2013-07-14,253582,43412,32,0,2013,7,7,7924.4375
2013-07-15,11484803,1090839,1113,1115,2013,7,1,10318.780772686434
2013-07-16,9157994,933479,1113,1115,2013,7,2,8228.206648697214
2013-07-17,8269168,871697,1113,1115,2013,7,3,7429.6208445642405
2013-07-18,8092686,876113,1113,1115,2013,7,4,7271.056603773585
2013-07-19,8376476,908361,1114,1115,2013,7,5,7519.278276481149
2013-07-20,5941848,686036,1114,0,2013,7,6,5333.795332136445
2013-07-21,235211,45099,32,0,2013,7,7,7350.34375
2013-07-22,6285621,769064,1114,0,2013,7,1,5642.38868940754
2013-07-23,5767497,708902,1114,0,2013,7,2,5177.286355475763
2013-07-24,5966755,717449,1114,0,2013,7,3,5356.153500897666
2013-07-25,6065761,736248,1114,0,2013,7,4,5445.027827648115
2013-07-26,6270667,744737,1114,0,2013,7,5,5628.964991023339
2013-07-27,5448670,633102,1114,0,2013,7,6,4891.08617594255
2013-07-28,232442,42674,32,0,2013,7,7,7263.8125
2013-07-29,11299276,1060574,1114,1115,2013,7,1,10142.976660682227
2013-07-30,10064515,980897,1114,1115,2013,7,2,9034.573608617595
2013-07-31,10293490,1012667,1114,1115,2013,7,3,9240.11669658887
2013-08-01,8783485,930162,1113,1115,2013,8,4,7891.720575022462
2013-08-02,8085626,876003,1113,1115,2013,8,5,7264.713387241689
2013-08-03,6320830,715334,1113,0,2013,8,6,5679.092542677448
2013-08-04,252848,44662,32,0,2013,8,7,7901.5
2013-08-05,7169893,851752,1113,0,2013,8,1,6441.952380952381
2013-08-06,6366382,769303,1113,0,2013,8,2,5720.019766397125
2013-08-07,6414477,766591,1113,0,2013,8,3,5763.23180592992
2013-08-08,6430437,770607,1106,0,2013,8,4,5814.138336347197
2013-08-09,6589299,781132,1115,0,2013,8,5,5909.685201793722
2013-08-10,5881545,681555,1115,0,2013,8,6,5274.928251121076
2013-08-11,243358,42451,32,0,2013,8,7,7604.9375
2013-08-12,11137198,1095755,1115,1115,2013,8,1,9988.518385650224
2013-08-13,9179490,950342,1115,1115,2013,8,2,8232.726457399103
2013-08-14,8509505,909775,1115,1115,2013,8,3,7631.8430493273545
2013-08-15,7029537,790070,960,1115,2013,8,4,7322.434375
2013-08-16,8137427,901419,1113,1115,2013,8,5,7311.25516621743
2013-08-17,5584570,665213,1113,0,2013,8,6,5017.583108715185
2013-08-18,241793,42456,32,0,2013,8,7,7556.03125
2013-08-19,6391105,779212,1113,0,2013,8,1,5742.232704402516
2013-08-20,5989832,746497,1113,0,2013,8,2,5381.69991015274
2013-08-21,5696932,716191,1113,0,2013,8,3,5118.537286612758
2013-08-22,5759988,726355,1113,0,2013,8,4,5175.191374663073
2013-08-23,6035936,746418,1113,0,2013,8,5,5423.123090745732
2013-08-24,5397910,647011,1111,0,2013,8,6,4858.604860486049
2013-08-25,225182,41185,32,0,2013,8,7,7036.9375
2013-08-26,10302422,1026494,1112,1115,2013,8,1,9264.76798561151
2013-08-27,8397061,891739,1112,1115,2013,8,2,7551.313848920863
2013-08-28,7838558,844061,1113,1115,2013,8,3,7042.729559748428
2013-08-29,7970501,865299,1112,1115,2013,8,4,7167.716726618705
2013-08-30,9221577,971094,1114,1115,2013,8,5,8277.896768402154
2013-08-31,6458023,728094,1113,0,2013,8,6,5802.356693620844
2013-09-01,250990,42368,33,0,2013,9,7,7605.757575757576
2013-09-02,6834913,817928,1112,0,2013,9,1,6146.5044964028775
2013-09-03,6322579,780680,1110,0,2013,9,2,5696.017117117117
2013-09-04,5985810,749766,1110,0,2013,9,3,5392.621621621622
2013-09-05,5843845,736801,1110,0,2013,9,4,5264.725225225226
2013-09-06,6121373,753490,1110,0,2013,9,5,5514.75045045045
2013-09-07,5795003,680941,1111,0,2013,9,6,5216.024302430243
2013-09-08,225500,39630,32,0,2013,9,7,7046.875
2013-09-09,11058017,1059134,1111,1115,2013,9,1,9953.210621062106
2013-09-10,8946722,909871,1111,1115,2013,9,2,8052.8550855085505
2013-09-11,8285894,871907,1112,1115,2013,9,3,7451.343525179856
2013-09-12,8096007,880642,1112,1115,2013,9,4,7280.581834532374
2013-09-13,8371696,915379,1113,1115,2013,9,5,7521.7394429469905
2013-09-14,5894325,693776,1113,0,2013,9,6,5295.88948787062
2013-09-15,224076,39654,32,0,2013,9,7,7002.375
2013-09-16,6130906,769479,1113,0,2013,9,1,5508.451033243486
2013-09-17,5785061,733944,1113,0,2013,9,2,5197.718778077268
2013-09-18,5438193,687725,1114,0,2013,9,3,4881.681328545781
2013-09-19,5797033,734083,1114,0,2013,9,4,5203.7998204667865
2013-09-20,6042768,743017,1114,0,2013,9,5,5424.387791741472
2013-09-21,5745122,681199,1114,0,2013,9,6,5157.201077199282
2013-09-22,204164,36938,32,0,2013,9,7,6380.125
2013-09-23,9449348,967001,1114,1115,2013,9,1,8482.359066427289
2013-09-24,7922441,858835,1114,1115,2013,9,2,7111.706463195691
2013-09-25,7390563,814577,1115,1115,2013,9,3,6628.307623318386
2013-09-26,7489318,826372,1115,1115,2013,9,4,6716.877130044843
2013-09-27,8267396,896964,1115,1115,2013,9,5,7414.704932735426
2013-09-28,6245049,712937,1115,0,2013,9,6,5600.940807174888
2013-09-29,228875,40267,33,0,2013,9,7,6935.606060606061
2013-09-30,7660976,874726,1114,0,2013,9,1,6876.998204667863
2013-10-01,6677200,804037,1115,0,2013,10,2,5988.520179372197
2013-10-02,7168893,864349,1115,0,2013,10,3,6429.500448430494
2013-10-03,285518,48103,40,0,2013,10,4,7137.95
2013-10-04,8196635,945977,1115,0,2013,10,5,7351.242152466368
2013-10-05,6142021,706614,1115,0,2013,10,6,5508.539013452915
2013-10-06,217293,38215,31,0,2013,10,7,7009.451612903225
2013-10-07,11062400,1078134,1115,1115,2013,10,1,9921.434977578476
2013-10-08,8949093,929711,1115,1115,2013,10,2,8026.092376681614
2013-10-09,8089729,858684,1115,1115,2013,10,3,7255.362331838565
2013-10-10,7809827,842255,1115,1115,2013,10,4,7004.329147982063
2013-10-11,8141538,867610,1115,1115,2013,10,5,7301.827802690583
2013-10-12,6203651,709747,1115,0,2013,10,6,5563.812556053812
2013-10-13,227064,39547,31,0,2013,10,7,7324.645161290323
2013-10-14,6571405,796483,1115,0,2013,10,1,5893.636771300448
2013-10-15,5864402,712941,1115,0,2013,10,2,5259.5533632287
2013-10-16,5933839,728359,1115,0,2013,10,3,5321.828699551569
2013-10-17,5861163,719827,1115,0,2013,10,4,5256.648430493274
2013-10-18,6319569,769390,1115,0,2013,10,5,5667.774887892377
2013-10-19,5868927,689293,1115,0,2013,10,6,5263.611659192825
2013-10-20,208367,37774,31,0,2013,10,7,6721.5161290322585
2013-10-21,9833873,1007327,1115,1115,2013,10,1,8819.617040358744
2013-10-22,7927560,864183,1115,1115,2013,10,2,7109.91928251121
2013-10-23,7416700,816017,1115,1115,2013,10,3,6651.748878923767
2013-10-24,7378657,833168,1115,1115,2013,10,4,6617.629596412556
2013-10-25,7589058,849316,1115,1115,2013,10,5,6806.330044843049
2013-10-26,5744750,681333,1115,0,2013,10,6,5152.242152466368
2013-10-27,218159,39427,31,0,2013,10,7,7037.387096774193
2013-10-28,5831815,726542,1115,0,2013,10,1,5230.32735426009
2013-10-29,6145546,750236,1115,0,2013,10,2,5511.700448430493
2013-10-30,6970004,821116,1115,0,2013,10,3,6251.12466367713
2013-10-31,6807674,795543,951,0,2013,10,4,7158.4374342797055
2013-11-01,3940492,475218,543,0,2013,11,5,7256.891344383057
2013-11-02,7410509,813168,1115,0,2013,11,6,6646.1964125560535
2013-11-03,175864,33251,18,0,2013,11,7,9770.222222222223
2013-11-04,10568398,1018154,1115,1115,2013,11,1,9478.383856502242
2013-11-05,9306571,952191,1115,1115,2013,11,2,8346.700448430493
2013-11-06,8224747,859106,1115,1115,2013,11,3,7376.454708520179
2013-11-07,7951819,857946,1115,1115,2013,11,4,7131.676233183856
2013-11-08,8443830,911685,1115,1115,2013,11,5,7572.941704035875
2013-11-09,6566741,741586,1115,0,2013,11,6,5889.453811659193
2013-11-10,187852,34576,17,0,2013,11,7,11050.117647058823
2013-11-11,6423778,788493,1115,0,2013,11,1,5761.235874439461
2013-11-12,6003149,732948,1115,0,2013,11,2,5383.990134529148
2013-11-13,6028677,734978,1115,0,2013,11,3,5406.8852017937215
2013-11-14,6140303,739223,1115,0,2013,11,4,5506.998206278027
2013-11-15,6741987,790440,1115,0,2013,11,5,6046.625112107623
2013-11-16,6605960,736692,1115,0,2013,11,6,5924.627802690583
2013-11-17,194615,34381,17,0,2013,11,7,11447.941176470587
2013-11-18,10528615,1035495,1115,1115,2013,11,1,9442.70403587444
2013-11-19,8895888,918755,1115,1115,2013,11,2,7978.374887892377
2013-11-20,7472513,787897,1040,1115,2013,11,3,7185.108653846154
2013-11-21,8084449,870146,1115,1115,2013,11,4,7250.626905829597
2013-11-22,8199106,886710,1115,1115,2013,11,5,7353.458295964126
2013-11-23,6593077,740157,1115,0,2013,11,6,5913.073542600897
2013-11-24,198110,34995,17,0,2013,11,7,11653.529411764706
2013-11-25,7204808,823195,1115,0,2013,11,1,6461.711210762332
2013-11-26,6673704,777337,1115,0,2013,11,2,5985.384753363229
2013-11-27,6725418,766804,1115,0,2013,11,3,6031.765022421525
2013-11-28,7262197,813496,1115,0,2013,11,4,6513.181165919283
2013-11-29,8803269,926234,1115,0,2013,11,5,7895.308520179372
2013-11-30,8614478,908611,1115,0,2013,11,6,7725.989237668162
2013-12-01,220033,37733,17,0,2013,12,7,12943.117647058823
2013-12-02,12972440,1199202,1115,1115,2013,12,1,11634.47533632287
2013-12-03,10915444,1051677,1115,1115,2013,12,2,9789.635874439462
2013-12-04,10203870,989019,1115,1115,2013,12,3,9151.452914798207
2013-12-05,10296749,995117,1115,1115,2013,12,4,9234.752466367712
2013-12-06,8431475,881559,1115,1115,2013,12,5,7561.860986547085
2013-12-07,7231141,805445,1115,0,2013,12,6,6485.328251121076
2013-12-08,190125,34892,18,0,2013,12,7,10562.5
2013-12-09,7607576,872942,1115,0,2013,12,1,6822.9381165919285
2013-12-10,7458243,857397,1115,0,2013,12,2,6689.007174887893
2013-12-11,7364610,834467,1115,0,2013,12,3,6605.031390134529
2013-12-12,7520198,850768,1115,0,2013,12,4,6744.572197309417
2013-12-13,8012317,887006,1115,0,2013,12,5,7185.934529147982
2013-12-14,7938245,844563,1115,0,2013,12,6,7119.502242152466
2013-12-15,214032,36978,17,0,2013,12,7,12590.117647058823
2013-12-16,15623548,1340280,1115,1115,2013,12,1,14012.15067264574
2013-12-17,13053993,1198877,1115,1115,2013,12,2,11707.617040358744
2013-12-18,12189674,1158335,1115,1115,2013,12,3,10932.443049327354
2013-12-19,11740273,1154752,1115,1115,2013,12,4,10529.392825112107
2013-12-20,12334496,1219287,1115,1115,2013,12,5,11062.328251121076
2013-12-21,10165366,1053248,1115,0,2013,12,6,9116.920179372197
2013-12-22,263979,41248,28,0,2013,12,7,9427.82142857143
2013-12-23,14350056,1518600,1115,0,2013,12,1,12870.00538116592
2013-12-24,5232808,580313,1115,0,2013,12,2,4693.101345291479
2013-12-25,142585,24022,17,0,2013,12,3,8387.35294117647
2013-12-26,188597,30762,19,0,2013,12,4,9926.157894736842
2013-12-27,8168568,937104,1115,0,2013,12,5,7326.0699551569505
2013-12-28,6726568,758154,1115,0,2013,12,6,6032.796412556054
2013-12-29,226553,36760,25,0,2013,12,7,9062.12
2013-12-30,10192135,1117442,1115,0,2013,12,1,9140.928251121077
2013-12-31,4534864,531392,1115,0,2013,12,2,4067.142600896861
2014-01-01,118108,21925,18,0,2014,1,3,6561.555555555556
2014-01-02,6980556,818375,1115,0,2014,1,4,6260.588340807175
2014-01-03,7024253,818253,1115,0,2014,1,5,6299.778475336323
2014-01-04,6357259,723684,1115,0,2014,1,6,5701.577578475336
2014-01-05,184905,32322,22,0,2014,1,7,8404.772727272728
2014-01-06,8661727,834045,809,1115,2014,1,1,10706.708281829418
2014-01-07,10456932,1037300,1115,1115,2014,1,2,9378.414349775785
2014-01-08,8643239,894254,1115,1115,2014,1,3,7751.783856502242
2014-01-09,8016642,855056,1115,1115,2014,1,4,7189.813452914798
2014-01-10,8548672,916235,1115,1115,2014,1,5,7666.970403587444
2014-01-11,6231179,709633,1112,0,2014,1,6,5603.578237410072
2014-01-12,175744,31433,17,0,2014,1,7,10337.882352941177
2014-01-13,6089929,758082,1112,0,2014,1,1,5476.554856115108
2014-01-14,5785842,719948,1112,0,2014,1,2,5203.095323741008
2014-01-15,5779426,708232,1111,0,2014,1,3,5202.003600360036
2014-01-16,5720266,700350,1110,0,2014,1,4,5153.3927927927925
2014-01-17,6332625,764681,1110,0,2014,1,5,5705.0675675675675
2014-01-18,6213031,711332,1110,0,2014,1,6,5597.325225225225
2014-01-19,175778,32218,17,0,2014,1,7,10339.882352941177
2014-01-20,10648819,1001444,1110,1115,2014,1,1,9593.53063063063
2014-01-21,8475207,851491,1110,1115,2014,1,2,7635.3216216216215
2014-01-22,7970289,832078,1110,1115,2014,1,3,7180.4405405405405
2014-01-23,7625568,816995,1110,1115,2014,1,4,6869.881081081081
2014-01-24,7851977,841433,1112,1115,2014,1,5,7061.130395683454
2014-01-25,5986034,684990,1112,0,2014,1,6,5383.124100719425
2014-01-26,160153,30422,17,0,2014,1,7,9420.764705882353
2014-01-27,5689615,714492,1113,0,2014,1,1,5111.96316262354
2014-01-28,5790602,719520,1113,0,2014,1,2,5202.697214734951
2014-01-29,5809489,692939,1113,0,2014,1,3,5219.666666666667
2014-01-30,6313068,744214,1113,0,2014,1,4,5672.118598382749
2014-01-31,7935853,875811,1113,0,2014,1,5,7130.1464510332435
2014-02-01,6934170,741526,1113,0,2014,2,6,6230.161725067385
2014-02-02,214940,36895,18,0,2014,2,7,11941.111111111111
2014-02-03,11757740,1099528,1113,1115,2014,2,1,10564.007187780773
2014-02-04,9651472,968587,1113,1115,2014,2,2,8671.583108715184
2014-02-05,8456987,874257,1113,1115,2014,2,3,7598.37106918239
2014-02-06,8226263,887136,1113,1115,2014,2,4,7391.071877807727
2014-02-07,8075318,863398,1113,1115,2014,2,5,7255.451931716083
2014-02-08,6387706,722556,1113,0,2014,2,6,5739.178796046721
2014-02-09,190226,35021,17,0,2014,2,7,11189.764705882353
2014-02-10,6451410,799112,1112,0,2014,2,1,5801.627697841726
2014-02-11,6056843,755240,1112,0,2014,2,2,5446.801258992806
2014-02-12,6046448,748447,1113,0,2014,2,3,5432.567834681042
2014-02-13,6180416,753399,1113,0,2014,2,4,5552.93441150045
2014-02-14,7086640,840906,1114,0,2014,2,5,6361.436265709156
2014-02-15,6293698,718465,1114,0,2014,2,6,5649.6391382405745
2014-02-16,190158,34894,17,0,2014,2,7,11185.764705882353
2014-02-17,10675316,1052877,1114,1115,2014,2,1,9582.868940754039
2014-02-18,8708285,908533,1114,1115,2014,2,2,7817.131956912029
2014-02-19,7855918,837033,1114,1115,2014,2,3,7051.9910233393175
2014-02-20,7738889,852829,1114,1115,2014,2,4,6946.938061041293
2014-02-21,7862313,856205,1115,1115,2014,2,5,7051.401793721973
2014-02-22,6123882,708749,1114,0,2014,2,6,5497.201077199282
2014-02-23,185005,34851,18,0,2014,2,7,10278.055555555555
2014-02-24,6036002,770839,1114,0,2014,2,1,5418.314183123878
2014-02-25,5697449,725970,1114,0,2014,2,2,5114.406642728904
2014-02-26,5960448,740172,1114,0,2014,2,3,5350.491921005386
2014-02-27,6006428,726638,1113,0,2014,2,4,5396.610961365678
2014-02-28,7874307,878227,1114,0,2014,2,5,7068.498204667863
2014-03-01,7088957,781917,1115,0,2014,3,6,6357.808968609866
2014-03-02,225564,39452,19,0,2014,3,7,11871.78947368421
2014-03-03,10254710,980471,1084,1115,2014,3,1,9460.064575645756
2014-03-04,9211960,937072,1112,1115,2014,3,2,8284.136690647481
2014-03-05,8802968,915031,1115,1115,2014,3,3,7895.038565022422
2014-03-06,8444592,908176,1115,1115,2014,3,4,7573.625112107623
2014-03-07,8486290,923220,1115,1115,2014,3,5,7611.0224215246635
2014-03-08,6075937,715477,1115,0,2014,3,6,5449.270852017938
2014-03-09,187110,37147,20,0,2014,3,7,9355.5
2014-03-10,6204784,778982,1112,0,2014,3,1,5579.841726618705
2014-03-11,5906003,740799,1112,0,2014,3,2,5311.153776978417
2014-03-12,5795093,723583,1113,0,2014,3,3,5206.732255166217
2014-03-13,5898902,733410,1111,0,2014,3,4,5309.542754275428
2014-03-14,6447567,777216,1111,0,2014,3,5,5803.390639063907
2014-03-15,6310072,704305,1111,0,2014,3,6,5679.632763276328
2014-03-16,213125,38502,27,0,2014,3,7,7893.518518518518
2014-03-17,10311703,1024867,1111,1115,2014,3,1,9281.460846084608
2014-03-18,8426401,881600,1112,1115,2014,3,2,7577.698741007194
2014-03-19,7849900,843215,1112,1115,2014,3,3,7059.262589928057
2014-03-20,7179418,814730,1111,1115,2014,3,4,6462.122412241224
2014-03-21,7681649,838189,1111,1115,2014,3,5,6914.175517551756
2014-03-22,6176931,705202,1109,0,2014,3,6,5569.820559062218
2014-03-23,217517,39261,30,0,2014,3,7,7250.566666666667
2014-03-24,6506590,779249,1109,0,2014,3,1,5867.078449053201
2014-03-25,5909575,725439,1109,0,2014,3,2,5328.742110009017
2014-03-26,5840946,706845,1110,0,2014,3,3,5262.113513513514
2014-03-27,6024721,729455,1110,0,2014,3,4,5427.676576576577
2014-03-28,6822072,792762,1111,0,2014,3,5,6140.478847884789
2014-03-29,6248819,707761,1112,0,2014,3,6,5619.4415467625895
2014-03-30,207045,38245,30,0,2014,3,7,6901.5
2014-03-31,12062933,1125153,1114,1115,2014,3,1,10828.485637342908
2014-04-01,9114237,946518,1114,1115,2014,4,2,8181.541292639138
2014-04-02,8314447,884087,1113,1115,2014,4,3,7470.302785265049
2014-04-03,8215262,886014,1113,1115,2014,4,4,7381.187780772686
2014-04-04,8575005,914152,1114,1115,2014,4,5,7697.4910233393175
2014-04-05,6560749,731475,1114,0,2014,4,6,5889.361759425494
2014-04-06,223163,39945,32,0,2014,4,7,6973.84375
2014-04-07,6624706,808791,1114,0,2014,4,1,5946.773788150808
2014-04-08,6248167,746392,1114,0,2014,4,2,5608.76750448833
2014-04-09,6410230,764528,1114,0,2014,4,3,5754.245960502693
2014-04-10,6524511,779628,1115,0,2014,4,4,5851.57937219731
2014-04-11,6910251,813960,1115,0,2014,4,5,6197.534529147982
2014-04-12,6388099,726704,1115,0,2014,4,6,5729.236771300449
2014-04-13,241475,42162,31,0,2014,4,7,7789.5161290322585
2014-04-14,11683139,1089929,1115,1115,2014,4,1,10478.151569506726
2014-04-15,10668363,1041972,1115,1115,2014,4,2,9568.038565022422
2014-04-16,10024850,1024616,1115,1115,2014,4,3,8990.896860986548
2014-04-17,10357418,1109623,1115,1115,2014,4,4,9289.164125560537
2014-04-18,222365,38237,17,1115,2014,4,5,13080.29411764706
2014-04-19,8428009,948290,1115,0,2014,4,6,7558.752466367713
2014-04-20,186799,35030,32,0,2014,4,7,5837.46875
2014-04-21,240988,43421,32,0,2014,4,1,7530.875
2014-04-22,6971756,850700,1114,0,2014,4,2,6258.308797127469
2014-04-23,5997676,745429,1114,0,2014,4,3,5383.910233393178
2014-04-24,6039156,747952,1114,0,2014,4,4,5421.145421903052
2014-04-25,6219955,760617,1114,0,2014,4,5,5583.4425493716335
2014-04-26,5968493,687942,1114,0,2014,4,6,5357.713644524237
2014-04-27,219630,39223,32,0,2014,4,7,6863.4375
2014-04-28,10667908,1046696,1114,1115,2014,4,1,9576.219030520646
2014-04-29,9457130,953790,1115,1115,2014,4,2,8481.730941704036
2014-04-30,10841040,1097830,1115,1115,2014,4,3,9722.905829596413
2014-05-01,238077,39554,20,1115,2014,5,4,11903.85
2014-05-02,11310699,1141048,1114,1115,2014,5,5,10153.230700179533
2014-05-03,6850332,771104,1114,0,2014,5,6,6149.310592459605
2014-05-04,227506,40401,33,0,2014,5,7,6894.121212121212
2014-05-05,10797063,1067972,1115,1115,2014,5,1,9683.464573991032
2014-05-06,9073871,933440,1115,1115,2014,5,2,8138.000896860986
2014-05-07,8451824,878000,1114,1115,2014,5,3,7586.915619389587
2014-05-08,8356504,886932,1114,1115,2014,5,4,7501.350089766607
2014-05-09,8722646,928988,1114,1115,2014,5,5,7830.023339317774
2014-05-10,6828031,775352,1114,0,2014,5,6,6129.291741472172
2014-05-11,242817,41961,32,0,2014,5,7,7588.03125
2014-05-12,6383523,780714,1114,0,2014,5,1,5730.271992818672
2014-05-13,6128627,751507,1114,0,2014,5,2,5501.4605026929985
2014-05-14,6141038,744235,1114,0,2014,5,3,5512.601436265709
2014-05-15,6252912,759575,1114,0,2014,5,4,5613.026929982047
2014-05-16,6515173,784919,1114,0,2014,5,5,5848.449730700179
2014-05-17,6052688,700008,1114,0,2014,5,6,5433.292639138241
2014-05-18,234786,42078,32,0,2014,5,7,7337.0625
2014-05-19,10104320,1007594,1114,1115,2014,5,1,9070.305206463196
2014-05-20,8264365,883301,1113,1115,2014,5,2,7425.3054806828395
2014-05-21,7727052,839270,1113,1115,2014,5,3,6942.544474393531
2014-05-22,7517793,833380,1113,1115,2014,5,4,6754.530997304582
2014-05-23,8177009,875454,1113,1115,2014,5,5,7346.81850853549
2014-05-24,6130815,702044,1113,0,2014,5,6,5508.369272237197
2014-05-25,224097,41751,32,0,2014,5,7,7003.03125
2014-05-26,6489410,780164,1113,0,2014,5,1,5830.557053009883
2014-05-27,6286135,734810,1113,0,2014,5,2,5647.920035938904
2014-05-28,7944392,887635,1113,0,2014,5,3,7137.81850853549
2014-05-29,292254,46904,31,0,2014,5,4,9427.548387096775
2014-05-30,9846892,1043166,1113,0,2014,5,5,8847.162623539982
2014-05-31,6880606,762489,1112,0,2014,5,6,6187.595323741008
2014-06-01,264670,45153,33,0,2014,6,7,8020.30303030303
2014-06-02,11662688,1107845,1112,1115,2014,6,1,10488.028776978417
2014-06-03,9598519,966071,1112,1115,2014,6,2,8631.761690647481
2014-06-04,8807342,902840,1113,1115,2014,6,3,7913.1554357592095
2014-06-05,8812312,914456,1113,1115,2014,6,4,7917.6208445642405
2014-06-06,8857173,950044,1113,1115,2014,6,5,7957.9272237196765
2014-06-07,6731210,772417,1113,0,2014,6,6,6047.807726864331
2014-06-08,275989,50042,32,0,2014,6,7,8624.65625
2014-06-09,288181,52481,34,0,2014,6,1,8475.911764705883
2014-06-10,7416071,862173,1113,0,2014,6,2,6663.136567834681
2014-06-11,6688764,778255,1113,0,2014,6,3,6009.67115902965
2014-06-12,6939204,814557,1113,0,2014,6,4,6234.684636118598
2014-06-13,7068339,815619,1113,0,2014,6,5,6350.708894878706
2014-06-14,6574173,730605,1113,0,2014,6,6,5906.714285714285
2014-06-15,238273,41605,32,0,2014,6,7,7446.03125
2014-06-16,10692037,1026601,1113,1115,2014,6,1,9606.502246181492
2014-06-17,9295150,946295,1113,1115,2014,6,2,8351.437556154537
2014-06-18,9059505,953404,1113,1115,2014,6,3,8139.7169811320755
2014-06-19,3307766,386276,429,1115,2014,6,4,7710.410256410257
2014-06-20,9683407,1005406,1113,1115,2014,6,5,8700.275831087152
2014-06-21,6065789,700770,1113,0,2014,6,6,5449.9451931716085
2014-06-22,230668,41392,32,0,2014,6,7,7208.375
2014-06-23,6604967,802029,1112,0,2014,6,1,5939.718525179856
2014-06-24,6040970,742058,1111,0,2014,6,2,5437.4167416741675
2014-06-25,5977803,718558,1111,0,2014,6,3,5380.560756075608
2014-06-26,5802491,706020,1111,0,2014,6,4,5222.7641764176415
2014-06-27,6910940,798397,1112,0,2014,6,5,6214.874100719425
2014-06-28,6586535,716868,1112,0,2014,6,6,5923.142985611511
2014-06-29,257513,42236,32,0,2014,6,7,8047.28125
2014-06-30,13308602,1189439,1112,1115,2014,6,1,11968.16726618705
2014-07-01,8240050,849874,933,935,2014,7,2,8831.779206859594
2014-07-02,7708595,812232,932,935,2014,7,3,8271.024678111587
2014-07-03,7204662,795167,932,935,2014,7,4,7730.324034334764
2014-07-04,6518718,738258,931,935,2014,7,5,7001.845327604726
2014-07-05,5377184,611223,932,0,2014,7,6,5769.510729613734
2014-07-06,241423,44139,31,0,2014,7,7,7787.8387096774195
2014-07-07,6059587,733291,932,0,2014,7,1,6501.7027896995705
2014-07-08,5119383,613274,932,0,2014,7,2,5492.900214592275
2014-07-09,4959489,594373,932,0,2014,7,3,5321.340128755365
2014-07-10,5729302,694278,932,0,2014,7,4,6147.3197424892705
2014-07-11,5791635,691330,932,0,2014,7,5,6214.200643776824
2014-07-12,5329624,606010,929,0,2014,7,6,5736.947255113025
2014-07-13,268130,44688,31,0,2014,7,7,8649.354838709678
2014-07-14,8607714,844792,927,935,2014,7,1,9285.559870550162
2014-07-15,7684994,788768,927,935,2014,7,2,8290.176914778856
2014-07-16,7177840,758629,927,935,2014,7,3,7743.085221143474
2014-07-17,6837176,745735,927,935,2014,7,4,7375.594390507012
2014-07-18,6647315,735098,927,935,2014,7,5,7170.782092772384
2014-07-19,4689269,552395,927,0,2014,7,6,5058.542610571737
2014-07-20,248092,44706,31,0,2014,7,7,8002.967741935484
2014-07-21,5690785,670245,927,0,2014,7,1,6138.926645091694
2014-07-22,5274595,643305,927,0,2014,7,2,5689.962243797196
2014-07-23,5068787,618345,929,0,2014,7,3,5456.175457481163
2014-07-24,5179026,627028,930,0,2014,7,4,5568.845161290323
2014-07-25,5493418,651507,931,0,2014,7,5,5900.556390977444
2014-07-26,4887412,568168,931,0,2014,7,6,5249.636949516649
2014-07-27,244638,44035,31,0,2014,7,7,7891.548387096775
2014-07-28,8536879,834087,931,935,2014,7,1,9169.580021482278
2014-07-29,7323566,748017,931,935,2014,7,2,7866.343716433942
2014-07-30,7468663,757515,931,935,2014,7,3,8022.194414607949
2014-07-31,8284756,838786,930,935,2014,7,4,8908.339784946236
2014-08-01,7544719,802329,932,935,2014,8,5,8095.192060085837
2014-08-02,5300445,603325,932,0,2014,8,6,5687.172746781116
2014-08-03,273058,46410,31,0,2014,8,7,8808.322580645161
2014-08-04,9062750,888967,932,935,2014,8,1,9723.980686695279
2014-08-05,7530345,788799,932,935,2014,8,2,8079.769313304721
2014-08-06,6709611,728267,932,935,2014,8,3,7199.153433476395
2014-08-07,6772684,742333,932,935,2014,8,4,7266.828326180257
2014-08-08,6571862,728811,933,935,2014,8,5,7043.796355841372
2014-08-09,4938926,576746,933,0,2014,8,6,5293.596998928188
2014-08-10,249646,43391,31,0,2014,8,7,8053.096774193548
2014-08-11,5850906,707753,933,0,2014,8,1,6271.067524115756
2014-08-12,5281785,648622,933,0,2014,8,2,5661.077170418006
2014-08-13,5149918,629234,933,0,2014,8,3,5519.74062165059
2014-08-14,5395023,652227,933,0,2014,8,4,5782.4469453376205
2014-08-15,5595129,662797,934,0,2014,8,5,5990.502141327624
2014-08-16,5021534,583129,934,0,2014,8,6,5376.374732334047
2014-08-17,255808,43116,31,0,2014,8,7,8251.870967741936
2014-08-18,9250961,903752,934,935,2014,8,1,9904.669164882227
2014-08-19,7698449,800967,934,935,2014,8,2,8242.450749464668
2014-08-20,7022798,758733,934,935,2014,8,3,7519.055674518201
2014-08-21,6616202,738275,934,935,2014,8,4,7083.728051391863
2014-08-22,6638319,740207,931,935,2014,8,5,7130.310418904404
2014-08-23,4958030,588340,930,0,2014,8,6,5331.215053763441
2014-08-24,248837,42329,31,0,2014,8,7,8027.0
2014-08-25,5750763,709524,931,0,2014,8,1,6176.974221267455
2014-08-26,5056366,630404,931,0,2014,8,2,5431.112781954887
2014-08-27,5167298,646420,930,0,2014,8,3,5556.23440860215
2014-08-28,5355611,657559,930,0,2014,8,4,5758.721505376344
2014-08-29,6562758,746394,928,0,2014,8,5,7071.9375
2014-08-30,5643050,633056,928,0,2014,8,6,6080.872844827586
2014-08-31,274884,44235,31,0,2014,8,7,8867.225806451614
2014-09-01,9737203,950038,928,935,2014,9,1,10492.675646551725
2014-09-02,7854744,816602,929,935,2014,9,2,8455.052744886976
2014-09-03,7170145,764960,929,935,2014,9,3,7718.132400430571
2014-09-04,6799830,750398,928,935,2014,9,4,7327.4030172413795
2014-09-05,6908744,764486,930,935,2014,9,5,7428.756989247312
2014-09-06,5010762,596300,930,0,2014,9,6,5387.916129032258
2014-09-07,228115,40338,31,0,2014,9,7,7358.548387096775
2014-09-08,5655302,702725,930,0,2014,9,1,6080.969892473118
2014-09-09,5259862,655524,929,0,2014,9,2,5661.853606027987
2014-09-10,5220667,644590,931,0,2014,9,3,5607.590762620838
2014-09-11,5288519,655480,932,0,2014,9,4,5674.37660944206
2014-09-12,5479788,663022,932,0,2014,9,5,5879.600858369099
2014-09-13,5134569,600531,932,0,2014,9,6,5509.194206008584
2014-09-14,243543,41672,31,0,2014,9,7,7856.225806451613
2014-09-15,8724338,879241,932,935,2014,9,1,9360.877682403434
2014-09-16,7191134,773733,932,935,2014,9,2,7715.809012875537
2014-09-17,6513743,723242,932,935,2014,9,3,6988.994635193133
2014-09-18,6397477,721411,932,935,2014,9,4,6864.245708154506
2014-09-19,6550530,740984,932,935,2014,9,5,7028.465665236052
2014-09-20,4915671,589198,933,0,2014,9,6,5268.672025723473
2014-09-21,242302,41461,31,0,2014,9,7,7816.193548387097
2014-09-22,5277645,662419,934,0,2014,9,1,5650.583511777302
2014-09-23,4977122,637445,933,0,2014,9,2,5334.5359056806
2014-09-24,4805992,609887,934,0,2014,9,3,5145.6017130620985
2014-09-25,4969583,627718,934,0,2014,9,4,5320.752676659529
2014-09-26,5320736,651404,934,0,2014,9,5,5696.719486081371
2014-09-27,4975386,589743,934,0,2014,9,6,5326.96573875803
2014-09-28,220642,39230,32,0,2014,9,7,6895.0625
2014-09-29,8548286,856532,934,935,2014,9,1,9152.340471092077
2014-09-30,8893788,877635,934,935,2014,9,2,9522.256959314775
2014-10-01,7702334,813279,935,935,2014,10,3,8237.790374331551
2014-10-02,8155792,889705,934,935,2014,10,4,8732.111349036402
2014-10-03,307988,51331,39,935,2014,10,5,7897.128205128205
2014-10-04,6426083,726851,934,0,2014,10,6,6880.174518201285
2014-10-05,225796,39187,30,0,2014,10,7,7526.533333333334
2014-10-06,9028634,903887,935,935,2014,10,1,9656.293048128342
2014-10-07,7332784,763609,935,935,2014,10,2,7842.549732620321
2014-10-08,6869767,732067,934,935,2014,10,3,7355.210920770878
2014-10-09,6816808,750548,935,935,2014,10,4,7290.703743315508
2014-10-10,7047404,777828,935,935,2014,10,5,7537.330481283422
2014-10-11,5190193,608743,935,0,2014,10,6,5551.008556149733
2014-10-12,240423,40268,30,0,2014,10,7,8014.1
2014-10-13,5445980,678351,935,0,2014,10,1,5824.577540106952
2014-10-14,5213744,656183,935,0,2014,10,2,5576.19679144385
2014-10-15,5110401,632354,935,0,2014,10,3,5465.669518716578
2014-10-16,5179446,639641,935,0,2014,10,4,5539.514438502674
2014-10-17,5449686,668947,935,0,2014,10,5,5828.541176470589
2014-10-18,4945733,585152,935,0,2014,10,6,5289.554010695188
2014-10-19,204991,35357,30,0,2014,10,7,6833.033333333334
2014-10-20,8078830,841553,935,935,2014,10,1,8640.459893048128
2014-10-21,6677374,719784,935,935,2014,10,2,7141.576470588236
2014-10-22,6129832,673288,935,935,2014,10,3,6555.970053475936
2014-10-23,6463607,734282,935,935,2014,10,4,6912.948663101604
2014-10-24,6523289,747373,935,935,2014,10,5,6976.779679144385
2014-10-25,4894704,583760,935,0,2014,10,6,5234.977540106952
2014-10-26,219359,38947,30,0,2014,10,7,7311.966666666666
2014-10-27,5508341,684089,935,0,2014,10,1,5891.273796791444
2014-10-28,5163755,640927,934,0,2014,10,2,5528.645610278372
2014-10-29,5285015,636348,935,0,2014,10,3,5652.422459893048
2014-10-30,6271893,734111,935,0,2014,10,4,6707.906951871658
2014-10-31,6106412,707142,772,0,2014,10,5,7909.860103626943
2014-11-01,3522395,405668,542,0,2014,11,6,6498.883763837638
2014-11-02,213741,38010,17,0,2014,11,7,12573.0
2014-11-03,9953793,958343,935,935,2014,11,1,10645.767914438502
2014-11-04,8181287,829606,935,935,2014,11,2,8750.039572192514
2014-11-05,7493001,777506,935,935,2014,11,3,8013.904812834225
2014-11-06,7184058,765939,935,935,2014,11,4,7683.484491978609
2014-11-07,7298281,779203,935,935,2014,11,5,7805.648128342246
2014-11-08,5629423,640974,935,0,2014,11,6,6020.773262032086
2014-11-09,177774,31403,17,0,2014,11,7,10457.29411764706
2014-11-10,8095306,840079,935,935,2014,11,1,8658.08128342246
2014-11-11,7083145,759736,935,935,2014,11,2,7575.556149732621
2014-11-12,6686356,724061,935,935,2014,11,3,7151.182887700535
2014-11-13,6750180,741568,935,935,2014,11,4,7219.443850267379
2014-11-14,7064885,770203,935,935,2014,11,5,7556.026737967914
2014-11-15,5576429,632085,935,0,2014,11,6,5964.095187165775
2014-11-16,203453,35060,16,0,2014,11,7,12715.8125
2014-11-17,5849735,709733,935,0,2014,11,1,6256.401069518716
2014-11-18,5367537,648585,935,0,2014,11,2,5740.68128342246
2014-11-19,4888765,592324,860,0,2014,11,3,5684.610465116279
2014-11-20,5575878,668680,934,0,2014,11,4,5969.89079229122
2014-11-21,5816514,688304,935,0,2014,11,5,6220.870588235294
2014-11-22,5522528,629622,935,0,2014,11,6,5906.447058823529
2014-11-23,198298,35099,16,0,2014,11,7,12393.625
2014-11-24,9020315,890119,935,935,2014,11,1,9647.395721925133
2014-11-25,7868758,806156,935,935,2014,11,2,8415.783957219252
2014-11-26,7518283,771840,935,935,2014,11,3,8040.944385026738
2014-11-27,7867510,803771,935,935,2014,11,4,8414.449197860962
2014-11-28,9172722,905259,935,935,2014,11,5,9810.397860962566
2014-11-29,7305547,768690,935,0,2014,11,6,7813.419251336898
2014-11-30,242056,38606,17,0,2014,11,7,14238.588235294117
2014-12-01,10276971,965344,935,935,2014,12,1,10991.412834224599
2014-12-02,8843822,865867,935,935,2014,12,2,9458.633155080213
2014-12-03,8258019,812638,935,935,2014,12,3,8832.105882352942
2014-12-04,8554042,847660,935,935,2014,12,4,9148.708021390374
2014-12-05,9801856,962959,935,935,2014,12,5,10483.268449197862
2014-12-06,6479401,722727,935,0,2014,12,6,6929.84064171123
2014-12-07,196469,34630,16,0,2014,12,7,12279.3125
2014-12-08,6560015,756799,935,0,2014,12,1,7016.058823529412
2014-12-09,6329729,727050,935,0,2014,12,2,6769.763636363637
2014-12-10,5909802,669779,935,0,2014,12,3,6320.64385026738
2014-12-11,6156944,695007,935,0,2014,12,4,6584.966844919786
2014-12-12,6501211,713276,935,0,2014,12,5,6953.166844919786
2014-12-13,6779226,732197,935,0,2014,12,6,7250.509090909091
2014-12-14,218670,36629,16,0,2014,12,7,13666.875
2014-12-15,12133381,1054956,935,935,2014,12,1,12976.87807486631
2014-12-16,10621060,981596,935,935,2014,12,2,11359.422459893049
2014-12-17,9483386,891212,935,935,2014,12,3,10142.658823529411
2014-12-18,9808212,962561,935,935,2014,12,4,10490.066310160428
2014-12-19,9518489,931008,935,935,2014,12,5,10180.202139037434
2014-12-20,7956411,817362,935,0,2014,12,6,8509.530481283422
2014-12-21,259248,40226,27,0,2014,12,7,9601.777777777777
2014-12-22,11007641,1130014,935,0,2014,12,1,11772.87807486631
2014-12-23,10712124,1130310,935,0,2014,12,2,11456.817112299464
2014-12-24,4612716,499900,935,0,2014,12,3,4933.386096256684
2014-12-25,155386,24451,16,0,2014,12,4,9711.625
2014-12-26,205238,32180,19,0,2014,12,5,10802.0
2014-12-27,5710292,654005,935,0,2014,12,6,6107.264171122994
2014-12-28,218071,35244,23,0,2014,12,7,9481.347826086956
2014-12-29,7291426,800123,935,0,2014,12,1,7798.316577540107
2014-12-30,7665743,830067,935,0,2014,12,2,8198.655614973262
2014-12-31,3895591,442847,935,0,2014,12,3,4166.407486631016
2015-01-01,130162,23049,18,0,2015,1,4,7231.222222222223
2015-01-02,7561431,833452,1115,0,2015,1,5,6781.552466367713
2015-01-03,6150311,674126,1115,0,2015,1,6,5515.97399103139
2015-01-04,197193,33860,22,0,2015,1,7,8963.318181818182
2015-01-05,11303805,1086836,1115,1115,2015,1,1,10137.941704035875
2015-01-06,6791481,705935,809,1115,2015,1,2,8394.908529048207
2015-01-07,8621857,875379,1115,1115,2015,1,3,7732.607174887892
2015-01-08,7646645,787890,1115,1115,2015,1,4,6857.9775784753365
2015-01-09,7945387,817211,1115,1115,2015,1,5,7125.907623318386
2015-01-10,6277742,679177,1115,0,2015,1,6,5630.261883408071
2015-01-11,183367,31872,17,0,2015,1,7,10786.29411764706
2015-01-12,9840664,960598,1115,1115,2015,1,1,8825.707623318385
2015-01-13,8538569,877468,1115,1115,2015,1,2,7657.909417040359
2015-01-14,7881690,816263,1115,1115,2015,1,3,7068.780269058296
2015-01-15,7774935,818837,1115,1115,2015,1,4,6973.035874439462
2015-01-16,8456148,896671,1115,1115,2015,1,5,7583.989237668162
2015-01-17,6525692,722888,1115,0,2015,1,6,5852.638565022422
2015-01-18,195778,33854,17,0,2015,1,7,11516.35294117647
2015-01-19,6386391,774440,1114,0,2015,1,1,5732.846499102334
2015-01-20,5744162,703317,1114,0,2015,1,2,5156.339317773788
2015-01-21,5882045,707483,1114,0,2015,1,3,5280.112208258528
2015-01-22,5933913,710747,1114,0,2015,1,4,5326.672351885099
2015-01-23,6326166,741005,1114,0,2015,1,5,5678.784560143627
2015-01-24,5811369,641657,1114,0,2015,1,6,5216.668761220826
2015-01-25,179028,31891,17,0,2015,1,7,10531.058823529413
2015-01-26,9401803,921416,1114,1115,2015,1,1,8439.679533213644
2015-01-27,8392342,861505,1114,1115,2015,1,2,7533.520646319569
2015-01-28,7930037,811962,1114,1115,2015,1,3,7118.52513464991
2015-01-29,8024066,823397,1114,1115,2015,1,4,7202.931777378815
2015-01-30,9454954,934354,1114,1115,2015,1,5,8487.391382405745
2015-01-31,7354597,771941,1114,0,2015,1,6,6601.972172351885
2015-02-01,225556,37415,18,0,2015,2,7,12530.888888888889
2015-02-02,10291172,1008221,1114,1115,2015,2,1,9238.035906642728
2015-02-03,8904680,908273,1114,1115,2015,2,2,7993.42908438061
2015-02-04,8136074,846539,1113,1115,2015,2,3,7310.03953279425
2015-02-05,7973916,845035,1114,1115,2015,2,4,7157.91382405745
2015-02-06,8439787,883368,1115,1115,2015,2,5,7569.315695067265
2015-02-07,6594669,722983,1115,0,2015,2,6,5914.50134529148
2015-02-08,208209,36064,17,0,2015,2,7,12247.588235294117
2015-02-09,6477197,770619,1115,0,2015,2,1,5809.145291479821
2015-02-10,6345089,760174,1115,0,2015,2,2,5690.662780269058
2015-02-11,6393495,763412,1115,0,2015,2,3,5734.076233183857
2015-02-12,6151076,734474,1114,0,2015,2,4,5521.612208258528
2015-02-13,7212357,831087,1115,0,2015,2,5,6468.481614349776
2015-02-14,6701361,746789,1115,0,2015,2,6,6010.189237668162
2015-02-15,217257,38100,18,0,2015,2,7,12069.833333333334
2015-02-16,9321996,886399,1083,1115,2015,2,1,8607.56786703601
2015-02-17,8299474,838296,1111,1115,2015,2,2,7470.273627362736
2015-02-18,8058390,839000,1112,1115,2015,2,3,7246.753597122302
2015-02-19,8031173,851005,1113,1115,2015,2,4,7215.788858939803
2015-02-20,8094451,856296,1113,1115,2015,2,5,7272.642407906559
2015-02-21,6290922,700363,1113,0,2015,2,6,5652.22102425876
2015-02-22,199419,35335,17,0,2015,2,7,11730.529411764706
2015-02-23,5984980,719140,1113,0,2015,2,1,5377.340521114106
2015-02-24,6021986,728587,1113,0,2015,2,2,5410.58939802336
2015-02-25,6028364,720287,1113,0,2015,2,3,5416.319856244385
2015-02-26,6471718,754534,1113,0,2015,2,4,5814.661275831088
2015-02-27,7778945,835001,1113,0,2015,2,5,6989.1689128481585
2015-02-28,7421745,784585,1113,0,2015,2,6,6668.234501347709
2015-03-01,228942,38174,19,0,2015,3,7,12049.578947368422
2015-03-02,10933146,1038703,1113,1115,2015,3,1,9823.132075471698
2015-03-03,9234921,924885,1113,1115,2015,3,2,8297.32345013477
2015-03-04,8421680,862366,1113,1115,2015,3,3,7566.648697214735
2015-03-05,8263354,872720,1113,1115,2015,3,4,7424.397124887691
2015-03-06,8504508,899465,1113,1115,2015,3,5,7641.067385444744
2015-03-07,6565020,731761,1113,0,2015,3,6,5898.490566037736
2015-03-08,201341,37580,20,0,2015,3,7,10067.05
2015-03-09,6765029,795201,1113,0,2015,3,1,6078.193171608266
2015-03-10,6211021,735968,1113,0,2015,3,2,5580.432165318958
2015-03-11,6272025,736261,1112,0,2015,3,3,5640.310251798561
2015-03-12,6376255,748692,1112,0,2015,3,4,5734.042266187051
2015-03-13,6942094,784087,1112,0,2015,3,5,6242.890287769784
2015-03-14,6625997,712331,1113,0,2015,3,6,5953.276729559749
2015-03-15,244505,40284,30,0,2015,3,7,8150.166666666667
2015-03-16,10877344,1046420,1113,1115,2015,3,1,9772.995507637017
2015-03-17,8792886,907259,1113,1115,2015,3,2,7900.167115902965
2015-03-18,7993269,844906,1112,1115,2015,3,3,7188.1915467625895
2015-03-19,8073881,857612,1113,1115,2015,3,4,7254.160826594789
2015-03-20,8291098,873548,1114,1115,2015,3,5,7442.637342908438
2015-03-21,6398094,696550,1113,0,2015,3,6,5748.512129380054
2015-03-22,235852,40320,31,0,2015,3,7,7608.129032258064
2015-03-23,6788834,798640,1114,0,2015,3,1,6094.1059245960505
2015-03-24,6226359,741073,1114,0,2015,3,2,5589.191202872531
2015-03-25,6073784,718390,1114,0,2015,3,3,5452.229802513465
2015-03-26,6362734,736748,1115,0,2015,3,4,5706.487892376682
2015-03-27,7078009,786578,1115,0,2015,3,5,6347.990134529148
2015-03-28,6829093,733408,1115,0,2015,3,6,6124.747085201794
2015-03-29,226242,37299,32,0,2015,3,7,7070.0625
2015-03-30,12371453,1064757,1115,1115,2015,3,1,11095.473542600897
2015-03-31,11222913,967655,1115,1115,2015,3,2,10065.392825112107
2015-04-01,11102030,1032568,1115,1115,2015,4,3,9956.977578475336
2015-04-02,11400447,1119146,1115,1115,2015,4,4,10224.616143497758
2015-04-03,242473,39490,17,1115,2015,4,5,14263.117647058823
2015-04-04,9366558,985462,1115,0,2015,4,6,8400.500448430494
2015-04-05,217211,36928,32,0,2015,4,7,6787.84375
2015-04-06,272921,46082,32,0,2015,4,1,8528.78125
2015-04-07,7896155,912879,1115,0,2015,4,2,7081.7533632286995
2015-04-08,6790649,791580,1115,0,2015,4,3,6090.268161434978
2015-04-09,6560475,778310,1112,0,2015,4,4,5899.707733812949
2015-04-10,6669239,779693,1115,0,2015,4,5,5981.380269058296
2015-04-11,6445499,710360,1115,0,2015,4,6,5780.716591928252
2015-04-12,244956,41948,32,0,2015,4,7,7654.875
2015-04-13,11075002,1043979,1115,1115,2015,4,1,9932.737219730941
2015-04-14,9166055,916519,1115,1115,2015,4,2,8220.677130044844
2015-04-15,8002511,836546,1113,1115,2015,4,3,7190.03683737646
2015-04-16,8396675,873849,1115,1115,2015,4,4,7530.650224215246
2015-04-17,8738327,898600,1115,1115,2015,4,5,7837.0645739910315
2015-04-18,6569186,728846,1115,0,2015,4,6,5891.6466367713
2015-04-19,237342,42188,32,0,2015,4,7,7416.9375
2015-04-20,6588863,794027,1115,0,2015,4,1,5909.2941704035875
2015-04-21,6039464,739265,1115,0,2015,4,2,5416.559641255605
2015-04-22,6082195,721392,1115,0,2015,4,3,5454.883408071749
2015-04-23,6153519,733577,1115,0,2015,4,4,5518.8511210762335
2015-04-24,6367560,755706,1115,0,2015,4,5,5710.816143497758
2015-04-25,6305451,696241,1115,0,2015,4,6,5655.113004484305
2015-04-26,234093,40302,32,0,2015,4,7,7315.40625
2015-04-27,10605500,996696,1115,1115,2015,4,1,9511.659192825113
2015-04-28,9302980,909175,1114,1115,2015,4,2,8350.96947935368
2015-04-29,9517703,939254,1115,1115,2015,4,3,8536.056502242152
2015-04-30,11327847,1113383,1115,1115,2015,4,4,10159.504035874439
2015-05-01,264231,42819,20,1115,2015,5,5,13211.55
2015-05-02,8764984,915373,1115,0,2015,5,6,7860.972197309417
2015-05-03,249207,42447,33,0,2015,5,7,7551.727272727273
2015-05-04,10995906,1065526,1114,1115,2015,5,1,9870.65170556553
2015-05-05,8778928,886062,1113,1115,2015,5,2,7887.62623539982
2015-05-06,8633577,879193,1113,1115,2015,5,3,7757.032345013477
2015-05-07,8550616,887351,1114,1115,2015,5,4,7675.597845601436
2015-05-08,8665512,913318,1114,1115,2015,5,5,7778.736086175943
2015-05-09,7157061,779642,1114,0,2015,5,6,6424.650807899461
2015-05-10,251720,42202,32,0,2015,5,7,7866.25
2015-05-11,6732629,800067,1114,0,2015,5,1,6043.652603231598
2015-05-12,6686277,782603,1114,0,2015,5,2,6002.043985637343
2015-05-13,8147927,924442,1114,0,2015,5,3,7314.117594254937
2015-05-14,289247,47393,32,0,2015,5,4,9038.96875
2015-05-15,8596524,938343,1115,0,2015,5,5,7709.886995515695
2015-05-16,6497847,709961,1115,0,2015,5,6,5827.665470852018
2015-05-17,255680,43701,32,0,2015,5,7,7990.0
2015-05-18,10603240,1025750,1115,1115,2015,5,1,9509.632286995517
2015-05-19,8925994,899009,1115,1115,2015,5,2,8005.375784753363
2015-05-20,8355497,850503,1115,1115,2015,5,3,7493.719282511211
2015-05-21,8228411,861101,1115,1115,2015,5,4,7379.740807174888
2015-05-22,8352281,882255,1115,1115,2015,5,5,7490.834977578475
2015-05-23,6773815,740456,1115,0,2015,5,6,6075.170403587444
2015-05-24,261385,43987,32,0,2015,5,7,8168.28125
2015-05-25,299473,49127,33,0,2015,5,1,9074.939393939394
2015-05-26,7776413,873761,1115,0,2015,5,2,6974.361434977578
2015-05-27,6876443,778621,1115,0,2015,5,3,6167.213452914798
2015-05-28,6974793,780710,1115,0,2015,5,4,6255.419730941704
2015-05-29,8372820,886423,1115,0,2015,5,5,7509.255605381166
2015-05-30,7546769,776523,1115,0,2015,5,6,6768.40269058296
2015-05-31,278690,45179,32,0,2015,5,7,8709.0625
2015-06-01,11743615,1075005,1115,1115,2015,6,1,10532.390134529149
2015-06-02,9925193,956819,1115,1115,2015,6,2,8901.518385650224
2015-06-03,9731791,971728,1114,1115,2015,6,3,8735.89856373429
2015-06-04,3534231,398780,432,1115,2015,6,4,8181.090277777777
2015-06-05,9724893,984452,1115,1115,2015,6,5,8721.877130044842
2015-06-06,6478518,714799,1115,0,2015,6,6,5810.330044843049
2015-06-07,262497,45460,33,0,2015,6,7,7954.454545454545
2015-06-08,7366781,830740,1115,0,2015,6,1,6606.978475336323
2015-06-09,6865990,781538,1115,0,2015,6,2,6157.838565022422
2015-06-10,6524741,752884,1115,0,2015,6,3,5851.785650224215
2015-06-11,6553081,766056,1115,0,2015,6,4,5877.20269058296
2015-06-12,6606431,765201,1114,0,2015,6,5,5930.36894075404
2015-06-13,6510261,705240,1114,0,2015,6,6,5844.04039497307
2015-06-14,269533,45271,32,0,2015,6,7,8422.90625
2015-06-15,11570100,1059425,1114,1115,2015,6,1,10386.08617594255
2015-06-16,9636747,938541,1114,1115,2015,6,2,8650.58078994614
2015-06-17,8618478,869642,1114,1115,2015,6,3,7736.51526032316
2015-06-18,8191358,840098,1114,1115,2015,6,4,7353.104129263914
2015-06-19,8458252,870773,1114,1115,2015,6,5,7592.685816876122
2015-06-20,6390661,699305,1114,0,2015,6,6,5736.679533213644
2015-06-21,249849,42139,32,0,2015,6,7,7807.78125
2015-06-22,6552538,753428,1114,0,2015,6,1,5881.9910233393175
2015-06-23,6292372,732852,1114,0,2015,6,2,5648.448833034111
2015-06-24,6257424,731349,1114,0,2015,6,3,5617.077199281867
2015-06-25,6211764,732294,1114,0,2015,6,4,5576.089766606822
2015-06-26,6634687,760594,1115,0,2015,6,5,5950.3919282511215
2015-06-27,6538314,698346,1115,0,2015,6,6,5863.958744394618
2015-06-28,262669,44422,32,0,2015,6,7,8208.40625
2015-06-29,11916672,1049017,1115,1115,2015,6,1,10687.598206278028
2015-06-30,11483932,1028931,1115,1115,2015,6,2,10299.490582959641
2015-07-01,8989672,894404,1115,1115,2015,7,3,8062.486098654708
2015-07-02,8446293,864389,1114,1115,2015,7,4,7581.950628366248
2015-07-03,8530388,874644,1114,1115,2015,7,5,7657.439856373429
2015-07-04,6054276,667899,1114,0,2015,7,6,5434.7181328545785
2015-07-05,269248,47757,33,0,2015,7,7,8159.030303030303
2015-07-06,7540473,847590,1114,0,2015,7,1,6768.826750448833
2015-07-07,6393024,743604,1114,0,2015,7,2,5738.800718132855
2015-07-08,6915625,771409,1114,0,2015,7,3,6207.921903052064
2015-07-09,6938182,783525,1114,0,2015,7,4,6228.170556552962
2015-07-10,7064909,798748,1114,0,2015,7,5,6341.92908438061
2015-07-11,6262022,689285,1113,0,2015,7,6,5626.25516621743
2015-07-12,277047,45392,32,0,2015,7,7,8657.71875
2015-07-13,10841267,1004988,1113,1115,2015,7,1,9740.58131176999
2015-07-14,9340405,912004,1113,1115,2015,7,2,8392.097933513029
2015-07-15,8756137,880247,1113,1115,2015,7,3,7867.149146451034
2015-07-16,8373873,868234,1112,1115,2015,7,4,7530.461330935252
2015-07-17,7949337,833653,1112,1115,2015,7,5,7148.684352517986
2015-07-18,6448982,699331,1113,0,2015,7,6,5794.233602875112
2015-07-19,298418,48005,32,0,2015,7,7,9325.5625
2015-07-20,7339321,822322,1113,0,2015,7,1,6594.178796046721
2015-07-21,6356482,738827,1113,0,2015,7,2,5711.124887690926
2015-07-22,6110388,710055,1113,0,2015,7,3,5490.016172506738
2015-07-23,6687068,760655,1113,0,2015,7,4,6008.14734950584
2015-07-24,6601325,754252,1113,0,2015,7,5,5931.109613656783
2015-07-25,6021666,643434,1113,0,2015,7,6,5410.301886792453
2015-07-26,285865,46990,32,0,2015,7,7,8933.28125
2015-07-27,10707292,970462,1113,1115,2015,7,1,9620.208445642407
2015-07-28,9115073,876092,1113,1115,2015,7,2,8189.643306379156
2015-07-29,8499962,828524,1113,1115,2015,7,3,7636.982929020665
2015-07-30,8798854,858547,1113,1115,2015,7,4,7905.529200359389
2015-07-31,10109742,968620,1113,1115,2015,7,5,9083.32614555256
